timestamp,surge_multiplier,expected_wait_time,product_type,low_estimate,high_estimate,start_location_id,end_location_id
2018-04-27 06:39:06,1.0,120,uberX,99,119,2,2
2018-04-27 06:39:06,1.0,300,uberKIDS,199,199,2,2
2018-04-27 06:39:06,1.0,300,UberBlack,299,359,2,2
2018-04-27 06:39:06,1.0,600,uberSELECT,199,239,2,2
2018-04-27 06:39:21,1.0,300,uberX,99,119,2,2
2018-04-27 06:39:21,1.0,780,uberKIDS,199,199,2,2
2018-04-27 06:39:21,1.0,300,UberBlack,299,359,2,2
2018-04-27 06:39:21,1.0,540,uberSELECT,199,239,2,2
2018-04-27 06:39:36,1.0,300,uberX,99,119,2,2
2018-04-27 06:39:36,1.0,780,uberKIDS,199,199,2,2
2018-04-27 06:39:36,1.0,300,UberBlack,299,359,2,2
2018-04-27 06:39:36,1.0,540,uberSELECT,199,239,2,2
2018-04-27 06:39:51,1.0,300,uberX,99,119,2,2
2018-04-27 06:39:51,1.0,780,uberKIDS,199,199,2,2
2018-04-27 06:39:51,1.0,300,UberBlack,299,359,2,2
2018-04-27 06:39:51,1.0,540,uberSELECT,199,239,2,2
2018-04-27 06:40:06,1.0,300,uberX,99,119,2,2
2018-04-27 06:40:06,1.0,840,uberKIDS,199,199,2,2
2018-04-27 06:40:06,1.0,300,UberBlack,299,359,2,2
2018-04-27 06:40:06,1.0,540,uberSELECT,199,239,2,2
2018-04-27 06:40:21,1.0,300,uberX,99,119,2,2
2018-04-27 06:40:21,1.0,840,uberKIDS,199,199,2,2
2018-04-27 06:40:21,1.0,240,UberBlack,299,359,2,2
2018-04-27 06:40:21,1.0,540,uberSELECT,199,239,2,2
2018-04-27 06:40:36,1.0,300,uberX,99,119,2,2
2018-04-27 06:40:36,1.0,900,uberKIDS,199,199,2,2
2018-04-27 06:40:36,1.0,240,UberBlack,299,359,2,2
2018-04-27 06:40:36,1.0,540,uberSELECT,199,239,2,2
2018-04-27 06:40:51,1.0,360,uberX,99,119,2,2
2018-04-27 06:40:51,1.0,900,uberKIDS,199,199,2,2
2018-04-27 06:40:51,1.0,240,UberBlack,299,359,2,2
2018-04-27 06:40:51,1.0,540,uberSELECT,199,239,2,2
2018-04-27 06:41:06,1.0,300,uberX,99,119,2,2
2018-04-27 06:41:06,1.0,900,uberKIDS,199,199,2,2
2018-04-27 06:41:06,1.0,240,UberBlack,299,359,2,2
2018-04-27 06:41:06,1.0,540,uberSELECT,199,239,2,2
2018-04-27 06:41:21,1.0,300,uberX,99,119,2,2
2018-04-27 06:41:21,1.0,900,uberKIDS,199,199,2,2
2018-04-27 06:41:21,1.0,240,UberBlack,299,359,2,2
2018-04-27 06:41:21,1.0,540,uberSELECT,199,239,2,2
2018-04-27 06:41:36,1.0,240,uberX,99,119,2,2
2018-04-27 06:41:36,1.0,900,uberKIDS,199,199,2,2
2018-04-27 06:41:36,1.0,300,UberBlack,299,359,2,2
2018-04-27 06:41:36,1.0,420,uberSELECT,199,239,2,2
2018-04-27 06:41:51,1.0,240,uberX,99,119,2,2
2018-04-27 06:41:51,1.0,900,uberKIDS,199,199,2,2
2018-04-27 06:41:51,1.0,300,UberBlack,299,359,2,2
2018-04-27 06:41:51,1.0,420,uberSELECT,199,239,2,2
2018-04-27 06:42:06,1.0,300,uberX,99,119,2,2
2018-04-27 06:42:06,1.0,900,uberKIDS,199,199,2,2
2018-04-27 06:42:06,1.0,120,UberBlack,299,359,2,2
2018-04-27 06:42:06,1.0,420,uberSELECT,199,239,2,2
2018-04-27 06:42:21,1.0,360,uberX,99,119,2,2
2018-04-27 06:42:21,1.0,720,uberKIDS,199,199,2,2
2018-04-27 06:42:21,1.0,300,UberBlack,299,359,2,2
2018-04-27 06:42:21,1.0,420,uberSELECT,199,239,2,2
2018-04-27 06:42:36,1.0,300,uberX,99,119,2,2
2018-04-27 06:42:36,1.0,720,uberKIDS,199,199,2,2
2018-04-27 06:42:36,1.0,300,UberBlack,299,359,2,2
2018-04-27 06:42:36,1.0,600,uberSELECT,199,239,2,2
2018-04-27 06:42:51,1.0,480,uberX,99,119,2,2
2018-04-27 06:42:51,1.0,900,uberKIDS,199,199,2,2
2018-04-27 06:42:51,1.0,180,UberBlack,299,359,2,2
2018-04-27 06:42:51,1.0,660,uberSELECT,199,239,2,2
2018-04-27 06:43:06,1.0,360,uberX,99,119,2,2
2018-04-27 06:43:06,1.0,900,uberKIDS,199,199,2,2
2018-04-27 06:43:06,1.0,180,UberBlack,299,359,2,2
2018-04-27 06:43:06,1.0,420,uberSELECT,199,239,2,2
2018-04-27 06:43:21,1.0,240,uberX,99,119,2,2
2018-04-27 06:43:21,1.0,900,uberKIDS,199,199,2,2
2018-04-27 06:43:21,1.0,180,UberBlack,299,359,2,2
2018-04-27 06:43:21,1.0,540,uberSELECT,199,239,2,2
2018-04-27 06:43:36,1.0,240,uberX,99,119,2,2
2018-04-27 06:43:36,1.0,840,uberKIDS,199,199,2,2
2018-04-27 06:43:36,1.0,180,UberBlack,299,359,2,2
2018-04-27 06:43:36,1.0,660,uberSELECT,199,239,2,2
2018-04-27 06:43:51,1.0,300,uberX,99,119,2,2
2018-04-27 06:43:51,1.0,720,uberKIDS,199,199,2,2
2018-04-27 06:43:51,1.0,180,UberBlack,299,359,2,2
2018-04-27 06:43:51,1.0,660,uberSELECT,199,239,2,2
2018-04-27 06:44:06,1.0,180,uberX,99,119,2,2
2018-04-27 06:44:06,1.0,720,uberKIDS,199,199,2,2
2018-04-27 06:44:06,1.0,300,UberBlack,299,359,2,2
2018-04-27 06:44:06,1.0,660,uberSELECT,199,239,2,2
2018-04-27 06:44:21,1.0,300,uberX,99,119,2,2
2018-04-27 06:44:21,1.0,720,uberKIDS,199,199,2,2
2018-04-27 06:44:21,1.0,420,UberBlack,299,359,2,2
2018-04-27 06:44:21,1.0,660,uberSELECT,199,239,2,2
2018-04-27 06:44:36,1.0,300,uberX,99,119,2,2
2018-04-27 06:44:36,1.0,780,uberKIDS,199,199,2,2
2018-04-27 06:44:36,1.0,720,UberBlack,299,359,2,2
2018-04-27 06:44:36,1.0,660,uberSELECT,199,239,2,2
2018-04-27 06:44:51,1.0,300,uberX,99,119,2,2
2018-04-27 06:44:51,1.0,780,uberKIDS,199,199,2,2
2018-04-27 06:44:51,1.0,540,UberBlack,299,359,2,2
2018-04-27 06:44:51,1.0,660,uberSELECT,199,239,2,2
2018-04-27 06:45:06,1.0,300,uberX,99,119,2,2
2018-04-27 06:45:06,1.0,780,uberKIDS,199,199,2,2
2018-04-27 06:45:06,1.0,540,UberBlack,299,359,2,2
2018-04-27 06:45:06,1.0,660,uberSELECT,199,239,2,2
2018-04-27 06:45:21,1.0,300,uberX,99,119,2,2
2018-04-27 06:45:21,1.0,780,uberKIDS,199,199,2,2
2018-04-27 06:45:21,1.0,540,UberBlack,299,359,2,2
2018-04-27 06:45:21,1.0,600,uberSELECT,199,239,2,2
2018-04-27 06:45:36,1.0,360,uberX,99,119,2,2
2018-04-27 06:45:36,1.0,720,uberKIDS,199,199,2,2
2018-04-27 06:45:36,1.0,540,UberBlack,299,359,2,2
2018-04-27 06:45:36,1.0,600,uberSELECT,199,239,2,2
2018-04-27 06:45:51,1.0,360,uberX,99,119,2,2
2018-04-27 06:45:51,1.0,720,uberKIDS,199,199,2,2
2018-04-27 06:45:51,1.0,540,UberBlack,299,359,2,2
2018-04-27 06:45:51,1.0,600,uberSELECT,199,239,2,2
2018-04-27 06:46:06,1.0,240,uberX,99,119,2,2
2018-04-27 06:46:06,1.0,720,uberKIDS,199,199,2,2
2018-04-27 06:46:06,1.0,540,UberBlack,299,359,2,2
2018-04-27 06:46:06,1.0,600,uberSELECT,199,239,2,2
2018-04-27 06:46:21,1.0,240,uberX,99,119,2,2
2018-04-27 06:46:21,1.0,720,uberKIDS,199,199,2,2
2018-04-27 06:46:21,1.0,540,UberBlack,299,359,2,2
2018-04-27 06:46:21,1.0,600,uberSELECT,199,239,2,2
2018-04-27 06:46:36,1.0,240,uberX,99,119,2,2
2018-04-27 06:46:36,1.0,720,uberKIDS,199,199,2,2
2018-04-27 06:46:36,1.0,540,UberBlack,299,359,2,2
2018-04-27 06:46:36,1.0,600,uberSELECT,199,239,2,2
2018-04-27 06:46:51,1.0,300,uberX,99,119,2,2
2018-04-27 06:46:51,1.0,720,uberKIDS,199,199,2,2
2018-04-27 06:46:51,1.0,540,UberBlack,299,359,2,2
2018-04-27 06:46:51,1.0,600,uberSELECT,199,239,2,2
2018-04-27 06:47:06,1.0,420,uberX,99,119,2,2
2018-04-27 06:47:06,1.0,720,uberKIDS,199,199,2,2
2018-04-27 06:47:06,1.0,540,UberBlack,299,359,2,2
2018-04-27 06:47:06,1.0,480,uberSELECT,199,239,2,2
2018-04-27 06:47:21,1.0,180,uberX,99,119,2,2
2018-04-27 06:47:21,1.0,720,uberKIDS,199,199,2,2
2018-04-27 06:47:21,1.0,540,UberBlack,299,359,2,2
2018-04-27 06:47:21,1.0,420,uberSELECT,199,239,2,2
2018-04-27 06:47:36,1.0,120,uberX,99,119,2,2
2018-04-27 06:47:36,1.0,720,uberKIDS,199,199,2,2
2018-04-27 06:47:36,1.0,540,UberBlack,299,359,2,2
2018-04-27 06:47:36,1.0,420,uberSELECT,199,239,2,2
2018-04-27 06:47:51,1.0,180,uberX,99,119,2,2
2018-04-27 06:47:51,1.0,720,uberKIDS,199,199,2,2
2018-04-27 06:47:51,1.0,480,UberBlack,299,359,2,2
2018-04-27 06:47:51,1.0,420,uberSELECT,199,239,2,2
2018-04-27 06:48:06,1.0,180,uberX,99,119,2,2
2018-04-27 06:48:06,1.0,720,uberKIDS,199,199,2,2
2018-04-27 06:48:06,1.0,480,UberBlack,299,359,2,2
2018-04-27 06:48:06,1.0,420,uberSELECT,199,239,2,2
2018-04-27 06:48:21,1.0,180,uberX,99,119,2,2
2018-04-27 06:48:21,1.0,660,uberKIDS,199,199,2,2
2018-04-27 06:48:21,1.0,480,UberBlack,299,359,2,2
2018-04-27 06:48:21,1.0,420,uberSELECT,199,239,2,2
2018-04-27 06:48:36,1.0,240,uberX,99,119,2,2
2018-04-27 06:48:36,1.0,660,uberKIDS,199,199,2,2
2018-04-27 06:48:36,1.0,480,UberBlack,299,359,2,2
2018-04-27 06:48:36,1.0,420,uberSELECT,199,239,2,2
2018-04-27 06:48:51,1.0,240,uberX,99,119,2,2
2018-04-27 06:48:51,1.0,660,uberKIDS,199,199,2,2
2018-04-27 06:48:51,1.0,480,UberBlack,299,359,2,2
2018-04-27 06:48:51,1.0,420,uberSELECT,199,239,2,2
2018-04-27 06:49:06,1.0,540,uberX,99,119,2,2
2018-04-27 06:49:06,1.0,660,uberKIDS,199,199,2,2
2018-04-27 06:49:06,1.0,480,UberBlack,299,359,2,2
2018-04-27 06:49:06,1.0,420,uberSELECT,199,239,2,2
2018-04-27 06:49:21,1.0,480,uberX,99,119,2,2
2018-04-27 06:49:21,1.0,660,uberKIDS,199,199,2,2
2018-04-27 06:49:21,1.0,480,UberBlack,299,359,2,2
2018-04-27 06:49:21,1.0,420,uberSELECT,199,239,2,2
2018-04-27 06:49:36,1.0,540,uberX,99,119,2,2
2018-04-27 06:49:36,1.0,660,uberKIDS,199,199,2,2
2018-04-27 06:49:36,1.0,480,UberBlack,299,359,2,2
2018-04-27 06:49:36,1.0,360,uberSELECT,199,239,2,2
2018-04-27 06:49:51,1.0,480,uberX,99,119,2,2
2018-04-27 06:49:51,1.0,660,uberKIDS,199,199,2,2
2018-04-27 06:49:51,1.0,480,UberBlack,299,359,2,2
2018-04-27 06:49:51,1.0,600,uberSELECT,199,239,2,2
2018-04-27 06:50:06,1.0,480,uberX,99,119,2,2
2018-04-27 06:50:06,1.0,720,uberKIDS,199,199,2,2
2018-04-27 06:50:06,1.0,420,UberBlack,299,359,2,2
2018-04-27 06:50:06,1.0,660,uberSELECT,199,239,2,2
2018-04-27 06:50:21,1.0,360,uberX,99,119,2,2
2018-04-27 06:50:21,1.0,720,uberKIDS,199,199,2,2
2018-04-27 06:50:21,1.0,540,UberBlack,299,359,2,2
2018-04-27 06:50:21,1.0,600,uberSELECT,199,239,2,2
2018-04-27 06:50:36,1.0,480,uberX,99,119,2,2
2018-04-27 06:50:36,1.0,720,uberKIDS,199,199,2,2
2018-04-27 06:50:36,1.0,540,UberBlack,299,359,2,2
2018-04-27 06:50:36,1.0,540,uberSELECT,199,239,2,2
2018-04-27 06:50:51,1.0,540,uberX,99,119,2,2
2018-04-27 06:50:51,1.0,660,uberKIDS,199,199,2,2
2018-04-27 06:50:51,1.0,480,UberBlack,299,359,2,2
2018-04-27 06:50:51,1.0,540,uberSELECT,199,239,2,2
2018-04-27 06:51:06,1.0,360,uberX,99,119,2,2
2018-04-27 06:51:06,1.0,660,uberKIDS,199,199,2,2
2018-04-27 06:51:06,1.0,480,UberBlack,299,359,2,2
2018-04-27 06:51:06,1.0,540,uberSELECT,199,239,2,2
2018-04-27 06:51:21,1.0,540,uberX,99,119,2,2
2018-04-27 06:51:21,1.0,660,uberKIDS,199,199,2,2
2018-04-27 06:51:21,1.0,480,UberBlack,299,359,2,2
2018-04-27 06:51:21,1.0,540,uberSELECT,199,239,2,2
2018-04-27 06:51:36,1.0,540,uberX,99,119,2,2
2018-04-27 06:51:36,1.0,720,uberKIDS,199,199,2,2
2018-04-27 06:51:36,1.0,480,UberBlack,299,359,2,2
2018-04-27 06:51:36,1.0,540,uberSELECT,199,239,2,2
2018-04-27 06:51:51,1.0,540,uberX,99,119,2,2
2018-04-27 06:51:51,1.0,660,uberKIDS,199,199,2,2
2018-04-27 06:51:51,1.0,480,UberBlack,299,359,2,2
2018-04-27 06:51:51,1.0,480,uberSELECT,199,239,2,2
2018-04-27 06:52:06,1.0,480,uberX,99,119,2,2
2018-04-27 06:52:06,1.0,660,uberKIDS,199,199,2,2
2018-04-27 06:52:06,1.0,480,UberBlack,299,359,2,2
2018-04-27 06:52:06,1.0,540,uberSELECT,199,239,2,2
2018-04-27 06:52:21,1.0,540,uberX,99,119,2,2
2018-04-27 06:52:21,1.0,600,uberKIDS,199,199,2,2
2018-04-27 06:52:21,1.0,360,UberBlack,299,359,2,2
2018-04-27 06:52:21,1.0,480,uberSELECT,199,239,2,2
2018-04-27 06:52:36,1.0,540,uberX,99,119,2,2
2018-04-27 06:52:36,1.0,600,uberKIDS,199,199,2,2
2018-04-27 06:52:36,1.0,360,UberBlack,299,359,2,2
2018-04-27 06:52:36,1.0,540,uberSELECT,199,239,2,2
2018-04-27 06:52:51,1.0,540,uberX,99,119,2,2
2018-04-27 06:52:51,1.0,660,uberKIDS,199,199,2,2
2018-04-27 06:52:51,1.0,360,UberBlack,299,359,2,2
2018-04-27 06:52:51,1.0,540,uberSELECT,199,239,2,2
2018-04-27 06:53:06,1.0,480,uberX,99,119,2,2
2018-04-27 06:53:06,1.0,480,uberKIDS,199,199,2,2
2018-04-27 06:53:06,1.0,360,UberBlack,299,359,2,2
2018-04-27 06:53:06,1.0,480,uberSELECT,199,239,2,2
2018-04-27 06:53:21,1.0,480,uberX,99,119,2,2
2018-04-27 06:53:21,1.0,540,uberKIDS,199,199,2,2
2018-04-27 06:53:21,1.0,360,UberBlack,299,359,2,2
2018-04-27 06:53:21,1.0,480,uberSELECT,199,239,2,2
2018-04-27 06:53:36,1.0,360,uberX,99,119,2,2
2018-04-27 06:53:36,1.0,480,uberKIDS,199,199,2,2
2018-04-27 06:53:36,1.0,360,UberBlack,299,359,2,2
2018-04-27 06:53:36,1.0,420,uberSELECT,199,239,2,2
2018-04-27 06:53:51,1.0,300,uberX,99,119,2,2
2018-04-27 06:53:51,1.0,480,uberKIDS,199,199,2,2
2018-04-27 06:53:51,1.0,360,UberBlack,299,359,2,2
2018-04-27 06:53:51,1.0,420,uberSELECT,199,239,2,2
2018-04-27 06:54:06,1.0,120,uberX,99,119,2,2
2018-04-27 06:54:06,1.0,480,uberKIDS,199,199,2,2
2018-04-27 06:54:06,1.0,360,UberBlack,299,359,2,2
2018-04-27 06:54:06,1.0,420,uberSELECT,199,239,2,2
2018-04-27 06:54:21,1.0,120,uberX,99,119,2,2
2018-04-27 06:54:21,1.0,480,uberKIDS,199,199,2,2
2018-04-27 06:54:21,1.0,360,UberBlack,299,359,2,2
2018-04-27 06:54:21,1.0,420,uberSELECT,199,239,2,2
2018-04-27 06:54:36,1.0,120,uberX,99,119,2,2
2018-04-27 06:54:36,1.0,420,uberKIDS,199,199,2,2
2018-04-27 06:54:36,1.0,360,UberBlack,299,359,2,2
2018-04-27 06:54:36,1.0,360,uberSELECT,199,239,2,2
2018-04-27 06:54:51,1.0,120,uberX,99,119,2,2
2018-04-27 06:54:51,1.0,840,uberKIDS,199,199,2,2
2018-04-27 06:54:51,1.0,360,UberBlack,299,359,2,2
2018-04-27 06:54:51,1.0,300,uberSELECT,199,239,2,2
2018-04-27 06:55:06,1.0,180,uberX,99,119,2,2
2018-04-27 06:55:06,1.0,900,uberKIDS,199,199,2,2
2018-04-27 06:55:06,1.0,360,UberBlack,299,359,2,2
2018-04-27 06:55:06,1.0,300,uberSELECT,199,239,2,2
2018-04-27 06:55:21,1.0,120,uberX,99,119,2,2
2018-04-27 06:55:21,1.0,900,uberKIDS,199,199,2,2
2018-04-27 06:55:21,1.0,360,UberBlack,299,359,2,2
2018-04-27 06:55:21,1.0,300,uberSELECT,199,239,2,2
2018-04-27 06:55:36,1.0,120,uberX,99,119,2,2
2018-04-27 06:55:36,1.0,840,uberKIDS,199,199,2,2
2018-04-27 06:55:36,1.0,420,UberBlack,299,359,2,2
2018-04-27 06:55:36,1.0,300,uberSELECT,199,239,2,2
2018-04-27 06:55:51,1.0,120,uberX,99,119,2,2
2018-04-27 06:55:51,1.0,900,uberKIDS,199,199,2,2
2018-04-27 06:55:51,1.0,480,UberBlack,299,359,2,2
2018-04-27 06:55:51,1.0,300,uberSELECT,199,239,2,2
2018-04-27 06:56:06,1.0,120,uberX,99,119,2,2
2018-04-27 06:56:06,1.0,660,uberKIDS,199,199,2,2
2018-04-27 06:56:06,1.0,360,UberBlack,299,359,2,2
2018-04-27 06:56:06,1.0,240,uberSELECT,199,239,2,2
2018-04-27 06:56:21,1.0,180,uberX,99,119,2,2
2018-04-27 06:56:21,1.0,660,uberKIDS,199,199,2,2
2018-04-27 06:56:21,1.0,360,UberBlack,299,359,2,2
2018-04-27 06:56:21,1.0,240,uberSELECT,199,239,2,2
2018-04-27 06:56:36,1.0,180,uberX,99,119,2,2
2018-04-27 06:56:36,1.0,840,uberKIDS,199,199,2,2
2018-04-27 06:56:36,1.0,420,UberBlack,299,359,2,2
2018-04-27 06:56:36,1.0,240,uberSELECT,199,239,2,2
2018-04-27 06:56:51,1.0,180,uberX,99,119,2,2
2018-04-27 06:56:51,1.0,840,uberKIDS,199,199,2,2
2018-04-27 06:56:51,1.0,360,UberBlack,299,359,2,2
2018-04-27 06:56:51,1.0,240,uberSELECT,199,239,2,2
2018-04-27 06:57:06,1.0,360,uberX,99,119,2,2
2018-04-27 06:57:06,1.0,840,uberKIDS,199,199,2,2
2018-04-27 06:57:06,1.0,360,UberBlack,299,359,2,2
2018-04-27 06:57:06,1.0,300,uberSELECT,199,239,2,2
2018-04-27 06:57:21,1.0,600,uberX,99,119,2,2
2018-04-27 06:57:21,1.0,840,uberKIDS,199,199,2,2
2018-04-27 06:57:21,1.0,360,UberBlack,299,359,2,2
2018-04-27 06:57:21,1.0,540,uberSELECT,199,239,2,2
2018-04-27 06:57:36,1.0,120,uberX,99,119,2,2
2018-04-27 06:57:36,1.0,900,uberKIDS,199,199,2,2
2018-04-27 06:57:36,1.0,420,UberBlack,299,359,2,2
2018-04-27 06:57:36,1.0,660,uberSELECT,199,239,2,2
2018-04-27 06:57:51,1.0,120,uberX,99,119,2,2
2018-04-27 06:57:51,1.0,840,uberKIDS,199,199,2,2
2018-04-27 06:57:51,1.0,360,UberBlack,299,359,2,2
2018-04-27 06:57:51,1.0,600,uberSELECT,199,239,2,2
2018-04-27 06:58:06,1.0,120,uberX,99,119,2,2
2018-04-27 06:58:06,1.0,900,uberKIDS,199,199,2,2
2018-04-27 06:58:06,1.0,360,UberBlack,299,359,2,2
2018-04-27 06:58:06,1.0,600,uberSELECT,199,239,2,2
2018-04-27 06:58:21,1.0,120,uberX,99,119,2,2
2018-04-27 06:58:21,1.0,900,uberKIDS,199,199,2,2
2018-04-27 06:58:21,1.0,360,UberBlack,299,359,2,2
2018-04-27 06:58:21,1.0,600,uberSELECT,199,239,2,2
2018-04-27 06:58:36,1.0,120,uberX,99,119,2,2
2018-04-27 06:58:36,1.0,900,uberKIDS,199,199,2,2
2018-04-27 06:58:36,1.0,360,UberBlack,299,359,2,2
2018-04-27 06:58:36,1.0,600,uberSELECT,199,239,2,2
2018-04-27 06:58:51,1.0,120,uberX,99,119,2,2
2018-04-27 06:58:51,1.0,960,uberKIDS,199,199,2,2
2018-04-27 06:58:51,1.0,360,UberBlack,299,359,2,2
2018-04-27 06:58:51,1.0,600,uberSELECT,199,239,2,2
2018-04-27 06:59:06,1.0,120,uberX,99,119,2,2
2018-04-27 06:59:06,1.0,960,uberKIDS,199,199,2,2
2018-04-27 06:59:06,1.0,360,UberBlack,299,359,2,2
2018-04-27 06:59:06,1.0,180,uberSELECT,199,239,2,2
2018-04-27 06:59:21,1.0,120,uberX,99,119,2,2
2018-04-27 06:59:21,1.0,900,uberKIDS,199,199,2,2
2018-04-27 06:59:21,1.0,360,UberBlack,299,359,2,2
2018-04-27 06:59:21,1.0,180,uberSELECT,199,239,2,2
2018-04-27 06:59:36,1.0,120,uberX,99,119,2,2
2018-04-27 06:59:36,1.0,900,uberKIDS,199,199,2,2
2018-04-27 06:59:36,1.0,300,UberBlack,299,359,2,2
2018-04-27 06:59:36,1.0,180,uberSELECT,199,239,2,2
2018-04-27 06:59:51,1.0,120,uberX,99,119,2,2
2018-04-27 06:59:51,1.0,900,uberKIDS,199,199,2,2
2018-04-27 06:59:51,1.0,360,UberBlack,299,359,2,2
2018-04-27 06:59:51,1.0,180,uberSELECT,199,239,2,2
2018-04-27 07:00:06,1.0,120,uberX,99,119,2,2
2018-04-27 07:00:06,1.0,840,uberKIDS,199,199,2,2
2018-04-27 07:00:06,1.0,240,UberBlack,299,359,2,2
2018-04-27 07:00:06,1.0,180,uberSELECT,199,239,2,2
2018-04-27 07:00:21,1.0,120,uberX,99,119,2,2
2018-04-27 07:00:21,1.0,840,uberKIDS,199,199,2,2
2018-04-27 07:00:21,1.0,240,UberBlack,299,359,2,2
2018-04-27 07:00:21,1.0,180,uberSELECT,199,239,2,2
2018-04-27 07:00:36,1.0,120,uberX,99,119,2,2
2018-04-27 07:00:36,1.0,840,uberKIDS,199,199,2,2
2018-04-27 07:00:36,1.0,180,UberBlack,299,359,2,2
2018-04-27 07:00:36,1.0,180,uberSELECT,199,239,2,2
2018-04-27 07:00:51,1.0,120,uberX,99,119,2,2
2018-04-27 07:00:51,1.0,900,uberKIDS,199,199,2,2
2018-04-27 07:00:51,1.0,180,UberBlack,299,359,2,2
2018-04-27 07:00:51,1.0,180,uberSELECT,199,239,2,2
2018-04-27 07:01:06,1.0,240,uberX,99,119,2,2
2018-04-27 07:01:06,1.0,960,uberKIDS,199,199,2,2
2018-04-27 07:01:06,1.0,300,UberBlack,299,359,2,2
2018-04-27 07:01:06,1.0,300,uberSELECT,199,239,2,2
2018-04-27 07:01:21,1.0,240,uberX,99,119,2,2
2018-04-27 07:01:21,1.0,840,uberKIDS,199,199,2,2
2018-04-27 07:01:21,1.0,120,UberBlack,299,359,2,2
2018-04-27 07:01:21,1.0,180,uberSELECT,199,239,2,2
2018-04-27 07:01:36,1.0,120,uberX,99,119,2,2
2018-04-27 07:01:36,1.0,900,uberKIDS,199,199,2,2
2018-04-27 07:01:36,1.0,180,UberBlack,299,359,2,2
2018-04-27 07:01:36,1.0,240,uberSELECT,199,239,2,2
2018-04-27 07:01:51,1.0,240,uberX,99,119,2,2
2018-04-27 07:01:51,1.0,900,uberKIDS,199,199,2,2
2018-04-27 07:01:51,1.0,180,UberBlack,299,359,2,2
2018-04-27 07:01:51,1.0,240,uberSELECT,199,239,2,2
2018-04-27 07:02:06,1.0,240,uberX,99,119,2,2
2018-04-27 07:02:06,1.0,840,uberKIDS,199,199,2,2
2018-04-27 07:02:06,1.0,120,UberBlack,299,359,2,2
2018-04-27 07:02:06,1.0,180,uberSELECT,199,239,2,2
2018-04-27 07:02:21,1.0,180,uberX,99,119,2,2
2018-04-27 07:02:21,1.0,780,uberKIDS,199,199,2,2
2018-04-27 07:02:21,1.0,120,UberBlack,299,359,2,2
2018-04-27 07:02:21,1.0,180,uberSELECT,199,239,2,2
2018-04-27 07:02:36,1.0,180,uberX,99,119,2,2
2018-04-27 07:02:36,1.0,780,uberKIDS,199,199,2,2
2018-04-27 07:02:36,1.0,300,UberBlack,299,359,2,2
2018-04-27 07:02:36,1.0,180,uberSELECT,199,239,2,2
2018-04-27 07:02:51,1.0,180,uberX,99,119,2,2
2018-04-27 07:02:51,1.0,780,uberKIDS,199,199,2,2
2018-04-27 07:02:51,1.0,300,UberBlack,299,359,2,2
2018-04-27 07:02:51,1.0,180,uberSELECT,199,239,2,2
2018-04-27 07:03:06,1.0,180,uberX,99,119,2,2
2018-04-27 07:03:06,1.0,720,uberKIDS,199,199,2,2
2018-04-27 07:03:06,1.0,360,UberBlack,299,359,2,2
2018-04-27 07:03:06,1.0,180,uberSELECT,199,239,2,2
2018-04-27 07:03:21,1.0,180,uberX,99,119,2,2
2018-04-27 07:03:21,1.0,540,uberKIDS,199,199,2,2
2018-04-27 07:03:21,1.0,360,UberBlack,299,359,2,2
2018-04-27 07:03:21,1.0,180,uberSELECT,199,239,2,2
2018-04-27 07:03:36,1.0,120,uberX,99,119,2,2
2018-04-27 07:03:36,1.0,540,uberKIDS,199,199,2,2
2018-04-27 07:03:36,1.0,360,UberBlack,299,359,2,2
2018-04-27 07:03:36,1.0,180,uberSELECT,199,239,2,2
2018-04-27 07:03:51,1.0,180,uberX,99,119,2,2
2018-04-27 07:03:51,1.0,540,uberKIDS,199,199,2,2
2018-04-27 07:03:51,1.0,360,UberBlack,299,359,2,2
2018-04-27 07:03:51,1.0,180,uberSELECT,199,239,2,2
2018-04-27 07:04:06,1.0,120,uberX,99,119,2,2
2018-04-27 07:04:06,1.0,540,uberKIDS,199,199,2,2
2018-04-27 07:04:06,1.0,360,UberBlack,299,359,2,2
2018-04-27 07:04:06,1.0,180,uberSELECT,199,239,2,2
2018-04-27 07:04:21,1.0,120,uberX,99,119,2,2
2018-04-27 07:04:21,1.0,540,uberKIDS,199,199,2,2
2018-04-27 07:04:21,1.0,300,UberBlack,299,359,2,2
2018-04-27 07:04:21,1.0,180,uberSELECT,199,239,2,2
2018-04-27 07:04:36,1.0,120,uberX,99,119,2,2
2018-04-27 07:04:36,1.0,540,uberKIDS,199,199,2,2
2018-04-27 07:04:36,1.0,300,UberBlack,299,359,2,2
2018-04-27 07:04:36,1.0,180,uberSELECT,199,239,2,2
2018-04-27 07:04:51,1.0,120,uberX,99,119,2,2
2018-04-27 07:04:51,1.0,660,uberKIDS,199,199,2,2
2018-04-27 07:04:51,1.0,300,UberBlack,299,359,2,2
2018-04-27 07:04:51,1.0,180,uberSELECT,199,239,2,2
2018-04-27 07:05:06,1.0,120,uberX,99,119,2,2
2018-04-27 07:05:06,1.0,660,uberKIDS,199,199,2,2
2018-04-27 07:05:06,1.0,300,UberBlack,299,359,2,2
2018-04-27 07:05:06,1.0,180,uberSELECT,199,239,2,2
2018-04-27 07:05:21,1.0,120,uberX,99,119,2,2
2018-04-27 07:05:21,1.0,540,uberKIDS,199,199,2,2
2018-04-27 07:05:21,1.0,300,UberBlack,299,359,2,2
2018-04-27 07:05:21,1.0,180,uberSELECT,199,239,2,2
2018-04-27 07:05:36,1.0,120,uberX,99,119,2,2
2018-04-27 07:05:36,1.0,660,uberKIDS,199,199,2,2
2018-04-27 07:05:36,1.0,300,UberBlack,299,359,2,2
2018-04-27 07:05:36,1.0,180,uberSELECT,199,239,2,2
2018-04-27 07:05:51,1.0,300,uberX,99,119,2,2
2018-04-27 07:05:51,1.0,540,uberKIDS,199,199,2,2
2018-04-27 07:05:51,1.0,300,UberBlack,299,359,2,2
2018-04-27 07:05:51,1.0,180,uberSELECT,199,239,2,2
2018-04-27 07:06:06,1.0,300,uberX,99,119,2,2
2018-04-27 07:06:06,1.0,540,uberKIDS,199,199,2,2
2018-04-27 07:06:06,1.0,300,UberBlack,299,359,2,2
2018-04-27 07:06:06,1.0,180,uberSELECT,199,239,2,2
2018-04-27 07:06:21,1.0,300,uberX,99,119,2,2
2018-04-27 07:06:21,1.0,540,uberKIDS,199,199,2,2
2018-04-27 07:06:21,1.0,300,UberBlack,299,359,2,2
2018-04-27 07:06:21,1.0,540,uberSELECT,199,239,2,2
2018-04-27 07:06:36,1.0,360,uberX,99,119,2,2
2018-04-27 07:06:36,1.0,540,uberKIDS,199,199,2,2
2018-04-27 07:06:36,1.0,300,UberBlack,299,359,2,2
2018-04-27 07:06:36,1.0,540,uberSELECT,199,239,2,2
2018-04-27 07:06:51,1.0,360,uberX,99,119,2,2
2018-04-27 07:06:51,1.0,540,uberKIDS,199,199,2,2
2018-04-27 07:06:51,1.0,300,UberBlack,299,359,2,2
2018-04-27 07:06:51,1.0,600,uberSELECT,199,239,2,2
2018-04-27 07:07:06,1.0,360,uberX,99,119,2,2
2018-04-27 07:07:06,1.0,600,uberKIDS,199,199,2,2
2018-04-27 07:07:06,1.0,300,UberBlack,299,359,2,2
2018-04-27 07:07:06,1.0,600,uberSELECT,199,239,2,2
2018-04-27 07:07:21,1.0,240,uberX,99,119,2,2
2018-04-27 07:07:21,1.0,600,uberKIDS,199,199,2,2
2018-04-27 07:07:21,1.0,300,UberBlack,299,359,2,2
2018-04-27 07:07:21,1.0,600,uberSELECT,199,239,2,2
2018-04-27 07:07:36,1.0,300,uberX,99,119,2,2
2018-04-27 07:07:36,1.0,600,uberKIDS,199,199,2,2
2018-04-27 07:07:36,1.0,300,UberBlack,299,359,2,2
2018-04-27 07:07:36,1.0,600,uberSELECT,199,239,2,2
2018-04-27 07:07:51,1.0,360,uberX,99,119,2,2
2018-04-27 07:07:51,1.0,600,uberKIDS,199,199,2,2
2018-04-27 07:07:51,1.0,480,UberBlack,299,359,2,2
2018-04-27 07:07:51,1.0,600,uberSELECT,199,239,2,2
2018-04-27 07:08:06,1.0,360,uberX,99,119,2,2
2018-04-27 07:08:06,1.0,660,uberKIDS,199,199,2,2
2018-04-27 07:08:06,1.0,480,UberBlack,299,359,2,2
2018-04-27 07:08:06,1.0,600,uberSELECT,199,239,2,2
2018-04-27 07:08:21,1.0,360,uberX,99,119,2,2
2018-04-27 07:08:21,1.0,360,uberKIDS,199,199,2,2
2018-04-27 07:08:21,1.0,480,UberBlack,299,359,2,2
2018-04-27 07:08:21,1.0,360,uberSELECT,199,239,2,2
2018-04-27 07:08:36,1.0,360,uberX,99,119,2,2
2018-04-27 07:08:36,1.0,360,uberKIDS,199,199,2,2
2018-04-27 07:08:36,1.0,480,UberBlack,299,359,2,2
2018-04-27 07:08:36,1.0,360,uberSELECT,199,239,2,2
2018-04-27 07:08:51,1.0,360,uberX,99,119,2,2
2018-04-27 07:08:51,1.0,660,uberKIDS,199,199,2,2
2018-04-27 07:08:51,1.0,480,UberBlack,299,359,2,2
2018-04-27 07:08:51,1.0,540,uberSELECT,199,239,2,2
2018-04-27 07:09:06,1.0,360,uberX,99,119,2,2
2018-04-27 07:09:06,1.0,660,uberKIDS,199,199,2,2
2018-04-27 07:09:06,1.0,480,UberBlack,299,359,2,2
2018-04-27 07:09:06,1.0,600,uberSELECT,199,239,2,2
2018-04-27 07:09:21,1.0,360,uberX,99,119,2,2
2018-04-27 07:09:21,1.0,720,uberKIDS,199,199,2,2
2018-04-27 07:09:21,1.0,360,UberBlack,299,359,2,2
2018-04-27 07:09:21,1.0,720,uberSELECT,199,239,2,2
2018-04-27 07:09:36,1.0,360,uberX,99,119,2,2
2018-04-27 07:09:36,1.0,720,uberKIDS,199,199,2,2
2018-04-27 07:09:36,1.0,360,UberBlack,299,359,2,2
2018-04-27 07:09:36,1.0,240,uberSELECT,199,239,2,2
2018-04-27 07:09:51,1.0,360,uberX,99,119,2,2
2018-04-27 07:09:51,1.0,780,uberKIDS,199,199,2,2
2018-04-27 07:09:51,1.0,300,UberBlack,299,359,2,2
2018-04-27 07:09:51,1.0,240,uberSELECT,199,239,2,2
2018-04-27 07:10:06,1.0,360,uberX,99,119,2,2
2018-04-27 07:10:06,1.0,960,uberKIDS,199,199,2,2
2018-04-27 07:10:06,1.0,240,UberBlack,299,359,2,2
2018-04-27 07:10:06,1.0,240,uberSELECT,199,239,2,2
2018-04-27 07:10:21,1.0,240,uberX,99,119,2,2
2018-04-27 07:10:21,1.0,960,uberKIDS,199,199,2,2
2018-04-27 07:10:21,1.0,360,UberBlack,299,359,2,2
2018-04-27 07:10:21,1.0,240,uberSELECT,199,239,2,2
2018-04-27 07:10:36,1.0,240,uberX,99,119,2,2
2018-04-27 07:10:36,1.0,900,uberKIDS,199,199,2,2
2018-04-27 07:10:36,1.0,360,UberBlack,299,359,2,2
2018-04-27 07:10:36,1.0,240,uberSELECT,199,239,2,2
2018-04-27 07:10:51,1.0,240,uberX,99,119,2,2
2018-04-27 07:10:51,1.0,900,uberKIDS,199,199,2,2
2018-04-27 07:10:51,1.0,480,UberBlack,299,359,2,2
2018-04-27 07:10:51,1.0,180,uberSELECT,199,239,2,2
2018-04-27 07:11:06,1.0,240,uberX,99,119,2,2
2018-04-27 07:11:06,1.0,780,uberKIDS,199,199,2,2
2018-04-27 07:11:06,1.0,480,UberBlack,299,359,2,2
2018-04-27 07:11:06,1.0,180,uberSELECT,199,239,2,2
2018-04-27 07:11:21,1.0,300,uberX,99,119,2,2
2018-04-27 07:11:21,1.0,780,uberKIDS,199,199,2,2
2018-04-27 07:11:21,1.0,480,UberBlack,299,359,2,2
2018-04-27 07:11:21,1.0,180,uberSELECT,199,239,2,2
2018-04-27 07:11:36,1.0,300,uberX,99,119,2,2
2018-04-27 07:11:36,1.0,780,uberKIDS,199,199,2,2
2018-04-27 07:11:36,1.0,540,UberBlack,299,359,2,2
2018-04-27 07:11:36,1.0,180,uberSELECT,199,239,2,2
2018-04-27 07:11:51,1.0,300,uberX,99,119,2,2
2018-04-27 07:11:51,1.0,780,uberKIDS,199,199,2,2
2018-04-27 07:11:51,1.0,480,UberBlack,299,359,2,2
2018-04-27 07:11:51,1.0,180,uberSELECT,199,239,2,2
2018-04-27 07:12:06,1.0,300,uberX,99,119,2,2
2018-04-27 07:12:06,1.0,780,uberKIDS,199,199,2,2
2018-04-27 07:12:06,1.0,480,UberBlack,299,359,2,2
2018-04-27 07:12:06,1.0,180,uberSELECT,199,239,2,2
2018-04-27 07:12:21,1.0,300,uberX,99,119,2,2
2018-04-27 07:12:21,1.0,840,uberKIDS,199,199,2,2
2018-04-27 07:12:21,1.0,480,UberBlack,299,359,2,2
2018-04-27 07:12:21,1.0,240,uberSELECT,199,239,2,2
2018-04-27 07:12:36,1.0,300,uberX,99,119,2,2
2018-04-27 07:12:36,1.0,840,uberKIDS,199,199,2,2
2018-04-27 07:12:36,1.0,480,UberBlack,299,359,2,2
2018-04-27 07:12:36,1.0,240,uberSELECT,199,239,2,2
2018-04-27 07:12:51,1.0,360,uberX,99,119,2,2
2018-04-27 07:12:51,1.0,1140,uberKIDS,199,199,2,2
2018-04-27 07:12:51,1.0,480,UberBlack,299,359,2,2
2018-04-27 07:12:51,1.0,240,uberSELECT,199,239,2,2
2018-04-27 07:13:06,1.0,420,uberX,99,119,2,2
2018-04-27 07:13:06,1.0,900,uberKIDS,199,199,2,2
2018-04-27 07:13:06,1.0,540,UberBlack,299,359,2,2
2018-04-27 07:13:06,1.0,240,uberSELECT,199,239,2,2
2018-04-27 07:13:21,1.0,360,uberX,99,119,2,2
2018-04-27 07:13:21,1.0,1260,uberKIDS,199,199,2,2
2018-04-27 07:13:21,1.0,480,UberBlack,299,359,2,2
2018-04-27 07:13:21,1.0,180,uberSELECT,199,239,2,2
2018-04-27 07:13:36,1.0,420,uberX,99,119,2,2
2018-04-27 07:13:36,1.0,1260,uberKIDS,199,199,2,2
2018-04-27 07:13:36,1.0,480,UberBlack,299,359,2,2
2018-04-27 07:13:36,1.0,240,uberSELECT,199,239,2,2
2018-04-27 07:13:51,1.0,360,uberX,99,119,2,2
2018-04-27 07:13:51,1.0,1260,uberKIDS,199,199,2,2
2018-04-27 07:13:51,1.0,480,UberBlack,299,359,2,2
2018-04-27 07:13:51,1.0,180,uberSELECT,199,239,2,2
2018-04-27 07:14:06,1.0,360,uberX,99,119,2,2
2018-04-27 07:14:06,1.0,840,uberKIDS,199,199,2,2
2018-04-27 07:14:06,1.0,420,UberBlack,299,359,2,2
2018-04-27 07:14:06,1.0,180,uberSELECT,199,239,2,2
2018-04-27 07:14:21,1.0,360,uberX,99,119,2,2
2018-04-27 07:14:21,1.0,900,uberKIDS,199,199,2,2
2018-04-27 07:14:21,1.0,420,UberBlack,299,359,2,2
2018-04-27 07:14:21,1.0,180,uberSELECT,199,239,2,2
2018-04-27 07:14:36,1.0,360,uberX,99,119,2,2
2018-04-27 07:14:36,1.0,1140,uberKIDS,199,199,2,2
2018-04-27 07:14:36,1.0,420,UberBlack,299,359,2,2
2018-04-27 07:14:36,1.0,180,uberSELECT,199,239,2,2
2018-04-27 07:14:51,1.0,360,uberX,99,119,2,2
2018-04-27 07:14:51,1.0,1140,uberKIDS,199,199,2,2
2018-04-27 07:14:51,1.0,420,UberBlack,299,359,2,2
2018-04-27 07:14:51,1.0,180,uberSELECT,199,239,2,2
2018-04-27 07:15:06,1.0,360,uberX,99,119,2,2
2018-04-27 07:15:06,1.0,1140,uberKIDS,199,199,2,2
2018-04-27 07:15:06,1.0,480,UberBlack,299,359,2,2
2018-04-27 07:15:06,1.0,180,uberSELECT,199,239,2,2
2018-04-27 07:15:21,1.0,420,uberX,99,119,2,2
2018-04-27 07:15:21,1.0,1020,uberKIDS,199,199,2,2
2018-04-27 07:15:21,1.0,480,UberBlack,299,359,2,2
2018-04-27 07:15:21,1.0,180,uberSELECT,199,239,2,2
2018-04-27 07:15:36,1.0,360,uberX,99,119,2,2
2018-04-27 07:15:36,1.0,1200,uberKIDS,199,199,2,2
2018-04-27 07:15:36,1.0,360,UberBlack,299,359,2,2
2018-04-27 07:15:36,1.0,180,uberSELECT,199,239,2,2
2018-04-27 07:15:51,1.0,360,uberX,99,119,2,2
2018-04-27 07:15:51,1.0,1260,uberKIDS,199,199,2,2
2018-04-27 07:15:51,1.0,300,UberBlack,299,359,2,2
2018-04-27 07:15:51,1.0,180,uberSELECT,199,239,2,2
2018-04-27 07:16:06,1.0,600,uberX,99,119,2,2
2018-04-27 07:16:06,1.0,840,uberKIDS,199,199,2,2
2018-04-27 07:16:06,1.0,360,UberBlack,299,359,2,2
2018-04-27 07:16:06,1.0,180,uberSELECT,199,239,2,2
2018-04-27 07:16:21,1.0,300,uberX,99,119,2,2
2018-04-27 07:16:21,1.0,840,uberKIDS,199,199,2,2
2018-04-27 07:16:21,1.0,480,UberBlack,299,359,2,2
2018-04-27 07:16:21,1.0,180,uberSELECT,199,239,2,2
2018-04-27 07:16:36,1.0,360,uberX,99,119,2,2
2018-04-27 07:16:36,1.0,840,uberKIDS,199,199,2,2
2018-04-27 07:16:36,1.0,480,UberBlack,299,359,2,2
2018-04-27 07:16:36,1.0,360,uberSELECT,199,239,2,2
2018-04-27 07:16:51,1.0,240,uberX,99,119,2,2
2018-04-27 07:16:51,1.0,840,uberKIDS,199,199,2,2
2018-04-27 07:16:51,1.0,480,UberBlack,299,359,2,2
2018-04-27 07:16:51,1.0,360,uberSELECT,199,239,2,2
2018-04-27 07:17:06,1.0,240,uberX,99,119,2,2
2018-04-27 07:17:06,1.0,840,uberKIDS,199,199,2,2
2018-04-27 07:17:06,1.0,420,UberBlack,299,359,2,2
2018-04-27 07:17:06,1.0,300,uberSELECT,199,239,2,2
2018-04-27 07:17:21,1.0,180,uberX,99,119,2,2
2018-04-27 07:17:21,1.0,780,uberKIDS,199,199,2,2
2018-04-27 07:17:21,1.0,420,UberBlack,299,359,2,2
2018-04-27 07:17:21,1.0,300,uberSELECT,199,239,2,2
2018-04-27 07:17:36,1.0,180,uberX,99,119,2,2
2018-04-27 07:17:36,1.0,780,uberKIDS,199,199,2,2
2018-04-27 07:17:36,1.0,360,UberBlack,299,359,2,2
2018-04-27 07:17:36,1.0,300,uberSELECT,199,239,2,2
2018-04-27 07:17:51,1.0,180,uberX,99,119,2,2
2018-04-27 07:17:51,1.0,780,uberKIDS,199,199,2,2
2018-04-27 07:17:51,1.0,240,UberBlack,299,359,2,2
2018-04-27 07:17:51,1.0,300,uberSELECT,199,239,2,2
2018-04-27 07:18:06,1.0,120,uberX,99,119,2,2
2018-04-27 07:18:06,1.0,1140,uberKIDS,199,199,2,2
2018-04-27 07:18:06,1.0,360,UberBlack,299,359,2,2
2018-04-27 07:18:06,1.0,300,uberSELECT,199,239,2,2
2018-04-27 07:18:21,1.0,120,uberX,99,119,2,2
2018-04-27 07:18:21,1.0,1080,uberKIDS,199,199,2,2
2018-04-27 07:18:21,1.0,360,UberBlack,299,359,2,2
2018-04-27 07:18:21,1.0,300,uberSELECT,199,239,2,2
2018-04-27 07:18:36,1.0,120,uberX,99,119,2,2
2018-04-27 07:18:36,1.0,1140,uberKIDS,199,199,2,2
2018-04-27 07:18:36,1.0,360,UberBlack,299,359,2,2
2018-04-27 07:18:36,1.0,300,uberSELECT,199,239,2,2
2018-04-27 07:18:51,1.0,300,uberX,99,119,2,2
2018-04-27 07:18:51,1.0,1140,uberKIDS,199,199,2,2
2018-04-27 07:18:51,1.0,300,UberBlack,299,359,2,2
2018-04-27 07:18:51,1.0,300,uberSELECT,199,239,2,2
2018-04-27 07:19:06,1.0,300,uberX,99,119,2,2
2018-04-27 07:19:06,1.0,1080,uberKIDS,199,199,2,2
2018-04-27 07:19:06,1.0,360,UberBlack,299,359,2,2
2018-04-27 07:19:06,1.0,300,uberSELECT,199,239,2,2
2018-04-27 07:19:21,1.0,300,uberX,99,119,2,2
2018-04-27 07:19:21,1.0,1140,uberKIDS,199,199,2,2
2018-04-27 07:19:21,1.0,240,UberBlack,299,359,2,2
2018-04-27 07:19:21,1.0,300,uberSELECT,199,239,2,2
2018-04-27 07:19:36,1.0,300,uberX,99,119,2,2
2018-04-27 07:19:36,1.0,1140,uberKIDS,199,199,2,2
2018-04-27 07:19:36,1.0,180,UberBlack,299,359,2,2
2018-04-27 07:19:36,1.0,360,uberSELECT,199,239,2,2
2018-04-27 07:19:51,1.0,300,uberX,99,119,2,2
2018-04-27 07:19:51,1.0,1140,uberKIDS,199,199,2,2
2018-04-27 07:19:51,1.0,240,UberBlack,299,359,2,2
2018-04-27 07:19:51,1.0,420,uberSELECT,199,239,2,2
2018-04-27 07:20:06,1.0,300,uberX,99,119,2,2
2018-04-27 07:20:06,1.0,1140,uberKIDS,199,199,2,2
2018-04-27 07:20:06,1.0,240,UberBlack,299,359,2,2
2018-04-27 07:20:06,1.0,360,uberSELECT,199,239,2,2
2018-04-27 07:20:21,1.0,360,uberX,99,119,2,2
2018-04-27 07:20:21,1.0,1140,uberKIDS,199,199,2,2
2018-04-27 07:20:21,1.0,240,UberBlack,299,359,2,2
2018-04-27 07:20:21,1.0,360,uberSELECT,199,239,2,2
2018-04-27 07:20:36,1.0,360,uberX,99,119,2,2
2018-04-27 07:20:36,1.0,1140,uberKIDS,199,199,2,2
2018-04-27 07:20:36,1.0,240,UberBlack,299,359,2,2
2018-04-27 07:20:36,1.0,300,uberSELECT,199,239,2,2
2018-04-27 07:20:51,1.0,360,uberX,99,119,2,2
2018-04-27 07:20:51,1.0,1260,uberKIDS,199,199,2,2
2018-04-27 07:20:51,1.0,240,UberBlack,299,359,2,2
2018-04-27 07:20:51,1.0,300,uberSELECT,199,239,2,2
2018-04-27 07:21:06,1.0,300,uberX,99,119,2,2
2018-04-27 07:21:06,1.0,1200,uberKIDS,199,199,2,2
2018-04-27 07:21:06,1.0,180,UberBlack,299,359,2,2
2018-04-27 07:21:06,1.0,300,uberSELECT,199,239,2,2
2018-04-27 07:21:21,1.0,120,uberX,99,119,2,2
2018-04-27 07:21:21,1.0,1140,uberKIDS,199,199,2,2
2018-04-27 07:21:21,1.0,240,UberBlack,299,359,2,2
2018-04-27 07:21:21,1.0,360,uberSELECT,199,239,2,2
2018-04-27 07:21:36,1.0,120,uberX,99,119,2,2
2018-04-27 07:21:36,1.0,1140,uberKIDS,199,199,2,2
2018-04-27 07:21:36,1.0,300,UberBlack,299,359,2,2
2018-04-27 07:21:36,1.0,540,uberSELECT,199,239,2,2
2018-04-27 07:21:51,1.0,240,uberX,99,119,2,2
2018-04-27 07:21:51,1.0,1140,uberKIDS,199,199,2,2
2018-04-27 07:21:51,1.0,300,UberBlack,299,359,2,2
2018-04-27 07:21:51,1.0,420,uberSELECT,199,239,2,2
2018-04-27 07:22:06,1.0,360,uberX,99,119,2,2
2018-04-27 07:22:06,1.0,1080,uberKIDS,199,199,2,2
2018-04-27 07:22:06,1.0,240,UberBlack,299,359,2,2
2018-04-27 07:22:06,1.0,420,uberSELECT,199,239,2,2
2018-04-27 07:22:21,1.0,300,uberX,99,119,2,2
2018-04-27 07:22:21,1.0,1080,uberKIDS,199,199,2,2
2018-04-27 07:22:21,1.0,240,UberBlack,299,359,2,2
2018-04-27 07:22:21,1.0,420,uberSELECT,199,239,2,2
2018-04-27 07:22:36,1.0,300,uberX,99,119,2,2
2018-04-27 07:22:36,1.0,1080,uberKIDS,199,199,2,2
2018-04-27 07:22:36,1.0,240,UberBlack,299,359,2,2
2018-04-27 07:22:36,1.0,420,uberSELECT,199,239,2,2
2018-04-27 07:22:51,1.0,300,uberX,99,119,2,2
2018-04-27 07:22:51,1.0,1080,uberKIDS,199,199,2,2
2018-04-27 07:22:51,1.0,240,UberBlack,299,359,2,2
2018-04-27 07:22:51,1.0,420,uberSELECT,199,239,2,2
2018-04-27 07:23:06,1.0,300,uberX,99,119,2,2
2018-04-27 07:23:06,1.0,1080,uberKIDS,199,199,2,2
2018-04-27 07:23:06,1.0,180,UberBlack,299,359,2,2
2018-04-27 07:23:06,1.0,480,uberSELECT,199,239,2,2
2018-04-27 07:23:21,1.0,240,uberX,99,119,2,2
2018-04-27 07:23:21,1.0,1020,uberKIDS,199,199,2,2
2018-04-27 07:23:21,1.0,120,UberBlack,299,359,2,2
2018-04-27 07:23:21,1.0,480,uberSELECT,199,239,2,2
2018-04-27 07:23:36,1.0,240,uberX,99,119,2,2
2018-04-27 07:23:36,1.0,1020,uberKIDS,199,199,2,2
2018-04-27 07:23:36,1.0,120,UberBlack,299,359,2,2
2018-04-27 07:23:36,1.0,660,uberSELECT,199,239,2,2
2018-04-27 07:23:51,1.0,300,uberX,99,119,2,2
2018-04-27 07:23:51,1.0,1080,uberKIDS,199,199,2,2
2018-04-27 07:23:51,1.0,120,UberBlack,299,359,2,2
2018-04-27 07:23:51,1.0,660,uberSELECT,199,239,2,2
2018-04-27 07:24:06,1.0,240,uberX,99,119,2,2
2018-04-27 07:24:06,1.0,960,uberKIDS,199,199,2,2
2018-04-27 07:24:06,1.0,240,UberBlack,299,359,2,2
2018-04-27 07:24:06,1.0,660,uberSELECT,199,239,2,2
2018-04-27 07:24:21,1.0,240,uberX,99,119,2,2
2018-04-27 07:24:21,1.0,1200,uberKIDS,199,199,2,2
2018-04-27 07:24:21,1.0,180,UberBlack,299,359,2,2
2018-04-27 07:24:21,1.0,660,uberSELECT,199,239,2,2
2018-04-27 07:24:36,1.0,240,uberX,99,119,2,2
2018-04-27 07:24:36,1.0,1200,uberKIDS,199,199,2,2
2018-04-27 07:24:36,1.0,180,UberBlack,299,359,2,2
2018-04-27 07:24:36,1.0,600,uberSELECT,199,239,2,2
2018-04-27 07:24:51,1.0,240,uberX,99,119,2,2
2018-04-27 07:24:51,1.0,1200,uberKIDS,199,199,2,2
2018-04-27 07:24:51,1.0,180,UberBlack,299,359,2,2
2018-04-27 07:24:51,1.0,600,uberSELECT,199,239,2,2
2018-04-27 07:25:06,1.0,240,uberX,99,119,2,2
2018-04-27 07:25:06,1.0,1200,uberKIDS,199,199,2,2
2018-04-27 07:25:06,1.0,180,UberBlack,299,359,2,2
2018-04-27 07:25:06,1.0,720,uberSELECT,199,239,2,2
2018-04-27 07:25:21,1.0,300,uberX,99,119,2,2
2018-04-27 07:25:21,1.0,1200,uberKIDS,199,199,2,2
2018-04-27 07:25:21,1.0,180,UberBlack,299,359,2,2
2018-04-27 07:25:21,1.0,720,uberSELECT,199,239,2,2
2018-04-27 07:25:36,1.0,300,uberX,99,119,2,2
2018-04-27 07:25:36,1.0,1200,uberKIDS,199,199,2,2
2018-04-27 07:25:36,1.0,180,UberBlack,299,359,2,2
2018-04-27 07:25:36,1.0,540,uberSELECT,199,239,2,2
2018-04-27 07:25:51,1.0,300,uberX,99,119,2,2
2018-04-27 07:25:51,1.0,1200,uberKIDS,199,199,2,2
2018-04-27 07:25:51,1.0,180,UberBlack,299,359,2,2
2018-04-27 07:25:51,1.0,540,uberSELECT,199,239,2,2
2018-04-27 07:26:06,1.0,300,uberX,99,119,2,2
2018-04-27 07:26:06,1.0,840,uberKIDS,199,199,2,2
2018-04-27 07:26:06,1.0,180,UberBlack,299,359,2,2
2018-04-27 07:26:06,1.0,480,uberSELECT,199,239,2,2
2018-04-27 07:26:21,1.0,300,uberX,99,119,2,2
2018-04-27 07:26:21,1.0,840,uberKIDS,199,199,2,2
2018-04-27 07:26:21,1.0,180,UberBlack,299,359,2,2
2018-04-27 07:26:21,1.0,480,uberSELECT,199,239,2,2
2018-04-27 07:26:36,1.0,300,uberX,99,119,2,2
2018-04-27 07:26:36,1.0,840,uberKIDS,199,199,2,2
2018-04-27 07:26:36,1.0,180,UberBlack,299,359,2,2
2018-04-27 07:26:36,1.0,480,uberSELECT,199,239,2,2
2018-04-27 07:26:51,1.0,300,uberX,99,119,2,2
2018-04-27 07:26:51,1.0,840,uberKIDS,199,199,2,2
2018-04-27 07:26:51,1.0,180,UberBlack,299,359,2,2
2018-04-27 07:26:51,1.0,480,uberSELECT,199,239,2,2
2018-04-27 07:27:06,1.0,300,uberX,99,119,2,2
2018-04-27 07:27:06,1.0,840,uberKIDS,199,199,2,2
2018-04-27 07:27:06,1.0,180,UberBlack,299,359,2,2
2018-04-27 07:27:06,1.0,480,uberSELECT,199,239,2,2
2018-04-27 07:27:21,1.0,240,uberX,99,119,2,2
2018-04-27 07:27:21,1.0,360,uberKIDS,199,199,2,2
2018-04-27 07:27:21,1.0,180,UberBlack,299,359,2,2
2018-04-27 07:27:21,1.0,480,uberSELECT,199,239,2,2
2018-04-27 07:27:36,1.0,300,uberX,99,119,2,2
2018-04-27 07:27:36,1.0,840,uberKIDS,199,199,2,2
2018-04-27 07:27:36,1.0,120,UberBlack,299,359,2,2
2018-04-27 07:27:36,1.0,480,uberSELECT,199,239,2,2
2018-04-27 07:27:51,1.0,240,uberX,99,119,2,2
2018-04-27 07:27:51,1.0,300,uberKIDS,199,199,2,2
2018-04-27 07:27:51,1.0,120,UberBlack,299,359,2,2
2018-04-27 07:27:51,1.0,480,uberSELECT,199,239,2,2
2018-04-27 07:28:06,1.0,240,uberX,99,119,2,2
2018-04-27 07:28:06,1.0,300,uberKIDS,199,199,2,2
2018-04-27 07:28:06,1.0,120,UberBlack,299,359,2,2
2018-04-27 07:28:06,1.0,480,uberSELECT,199,239,2,2
2018-04-27 07:28:21,1.0,240,uberX,99,119,2,2
2018-04-27 07:28:21,1.0,300,uberKIDS,199,199,2,2
2018-04-27 07:28:21,1.0,120,UberBlack,299,359,2,2
2018-04-27 07:28:21,1.0,480,uberSELECT,199,239,2,2
2018-04-27 07:28:36,1.0,240,uberX,99,119,2,2
2018-04-27 07:28:36,1.0,300,uberKIDS,199,199,2,2
2018-04-27 07:28:36,1.0,120,UberBlack,299,359,2,2
2018-04-27 07:28:36,1.0,480,uberSELECT,199,239,2,2
2018-04-27 07:28:51,1.0,240,uberX,99,119,2,2
2018-04-27 07:28:51,1.0,300,uberKIDS,199,199,2,2
2018-04-27 07:28:51,1.0,180,UberBlack,299,359,2,2
2018-04-27 07:28:51,1.0,480,uberSELECT,199,239,2,2
2018-04-27 07:29:06,1.0,240,uberX,99,119,2,2
2018-04-27 07:29:06,1.0,300,uberKIDS,199,199,2,2
2018-04-27 07:29:06,1.0,180,UberBlack,299,359,2,2
2018-04-27 07:29:06,1.0,480,uberSELECT,199,239,2,2
2018-04-27 07:29:21,1.0,240,uberX,99,119,2,2
2018-04-27 07:29:21,1.0,300,uberKIDS,199,199,2,2
2018-04-27 07:29:21,1.0,180,UberBlack,299,359,2,2
2018-04-27 07:29:21,1.0,480,uberSELECT,199,239,2,2
2018-04-27 07:29:36,1.0,480,uberX,99,119,2,2
2018-04-27 07:29:36,1.0,780,uberKIDS,199,199,2,2
2018-04-27 07:29:36,1.0,180,UberBlack,299,359,2,2
2018-04-27 07:29:36,1.0,420,uberSELECT,199,239,2,2
2018-04-27 07:29:51,1.0,480,uberX,99,119,2,2
2018-04-27 07:29:51,1.0,900,uberKIDS,199,199,2,2
2018-04-27 07:29:51,1.0,240,UberBlack,299,359,2,2
2018-04-27 07:29:51,1.0,420,uberSELECT,199,239,2,2
2018-04-27 07:30:06,1.0,600,uberX,99,119,2,2
2018-04-27 07:30:06,1.0,780,uberKIDS,199,199,2,2
2018-04-27 07:30:06,1.0,240,UberBlack,299,359,2,2
2018-04-27 07:30:06,1.0,420,uberSELECT,199,239,2,2
2018-04-27 07:30:21,1.0,480,uberX,99,119,2,2
2018-04-27 07:30:21,1.0,780,uberKIDS,199,199,2,2
2018-04-27 07:30:21,1.0,360,UberBlack,299,359,2,2
2018-04-27 07:30:21,1.0,360,uberSELECT,199,239,2,2
2018-04-27 07:30:36,1.0,480,uberX,99,119,2,2
2018-04-27 07:30:36,1.0,780,uberKIDS,199,199,2,2
2018-04-27 07:30:36,1.0,300,UberBlack,299,359,2,2
2018-04-27 07:30:36,1.0,420,uberSELECT,199,239,2,2
2018-04-27 07:30:51,1.0,480,uberX,99,119,2,2
2018-04-27 07:30:51,1.0,780,uberKIDS,199,199,2,2
2018-04-27 07:30:51,1.0,360,UberBlack,299,359,2,2
2018-04-27 07:30:51,1.0,540,uberSELECT,199,239,2,2
2018-04-27 07:31:06,1.0,480,uberX,99,119,2,2
2018-04-27 07:31:06,1.0,780,uberKIDS,199,199,2,2
2018-04-27 07:31:06,1.0,360,UberBlack,299,359,2,2
2018-04-27 07:31:06,1.0,540,uberSELECT,199,239,2,2
2018-04-27 07:31:21,1.0,360,uberX,99,119,2,2
2018-04-27 07:31:21,1.0,780,uberKIDS,199,199,2,2
2018-04-27 07:31:21,1.0,480,UberBlack,299,359,2,2
2018-04-27 07:31:21,1.0,540,uberSELECT,199,239,2,2
2018-04-27 07:31:36,1.0,360,uberX,99,119,2,2
2018-04-27 07:31:36,1.0,780,uberKIDS,199,199,2,2
2018-04-27 07:31:36,1.0,480,UberBlack,299,359,2,2
2018-04-27 07:31:36,1.0,540,uberSELECT,199,239,2,2
2018-04-27 07:31:51,1.0,660,uberX,99,119,2,2
2018-04-27 07:31:51,1.0,1020,uberKIDS,199,199,2,2
2018-04-27 07:31:51,1.0,480,UberBlack,299,359,2,2
2018-04-27 07:31:51,1.0,540,uberSELECT,199,239,2,2
2018-04-27 07:32:06,1.0,780,uberX,99,119,2,2
2018-04-27 07:32:06,1.0,840,uberKIDS,199,199,2,2
2018-04-27 07:32:06,1.0,360,UberBlack,299,359,2,2
2018-04-27 07:32:06,1.0,480,uberSELECT,199,239,2,2
2018-04-27 07:32:21,1.0,540,uberX,99,119,2,2
2018-04-27 07:32:21,1.0,540,uberKIDS,199,199,2,2
2018-04-27 07:32:21,1.0,480,UberBlack,299,359,2,2
2018-04-27 07:32:21,1.0,540,uberSELECT,199,239,2,2
2018-04-27 07:32:36,1.0,540,uberX,99,119,2,2
2018-04-27 07:32:36,1.0,540,uberKIDS,199,199,2,2
2018-04-27 07:32:36,1.0,300,UberBlack,299,359,2,2
2018-04-27 07:32:36,1.0,300,uberSELECT,199,239,2,2
2018-04-27 07:32:51,1.0,360,uberX,99,119,2,2
2018-04-27 07:32:51,1.0,540,uberKIDS,199,199,2,2
2018-04-27 07:32:51,1.0,360,UberBlack,299,359,2,2
2018-04-27 07:32:51,1.0,360,uberSELECT,199,239,2,2
2018-04-27 07:33:06,1.0,480,uberX,99,119,2,2
2018-04-27 07:33:06,1.0,540,uberKIDS,199,199,2,2
2018-04-27 07:33:06,1.0,360,UberBlack,299,359,2,2
2018-04-27 07:33:06,1.0,480,uberSELECT,199,239,2,2
2018-04-27 07:33:21,1.0,480,uberX,99,119,2,2
2018-04-27 07:33:21,1.0,540,uberKIDS,199,199,2,2
2018-04-27 07:33:21,1.0,300,UberBlack,299,359,2,2
2018-04-27 07:33:21,1.0,300,uberSELECT,199,239,2,2
2018-04-27 07:33:36,1.0,360,uberX,99,119,2,2
2018-04-27 07:33:36,1.0,540,uberKIDS,199,199,2,2
2018-04-27 07:33:36,1.0,300,UberBlack,299,359,2,2
2018-04-27 07:33:36,1.0,300,uberSELECT,199,239,2,2
2018-04-27 07:33:51,1.0,180,uberX,99,119,2,2
2018-04-27 07:33:51,1.0,540,uberKIDS,199,199,2,2
2018-04-27 07:33:51,1.0,300,UberBlack,299,359,2,2
2018-04-27 07:33:51,1.0,300,uberSELECT,199,239,2,2
2018-04-27 07:34:06,1.0,360,uberX,99,119,2,2
2018-04-27 07:34:06,1.0,600,uberKIDS,199,199,2,2
2018-04-27 07:34:06,1.0,360,UberBlack,299,359,2,2
2018-04-27 07:34:06,1.0,360,uberSELECT,199,239,2,2
2018-04-27 07:34:21,1.0,300,uberX,99,119,2,2
2018-04-27 07:34:21,1.0,540,uberKIDS,199,199,2,2
2018-04-27 07:34:21,1.0,360,UberBlack,299,359,2,2
2018-04-27 07:34:21,1.0,360,uberSELECT,199,239,2,2
2018-04-27 07:34:36,1.0,360,uberX,99,119,2,2
2018-04-27 07:34:36,1.0,600,uberKIDS,199,199,2,2
2018-04-27 07:34:36,1.0,300,UberBlack,299,359,2,2
2018-04-27 07:34:36,1.0,360,uberSELECT,199,239,2,2
2018-04-27 07:34:51,1.0,300,uberX,99,119,2,2
2018-04-27 07:34:51,1.0,540,uberKIDS,199,199,2,2
2018-04-27 07:34:51,1.0,300,UberBlack,299,359,2,2
2018-04-27 07:34:51,1.0,360,uberSELECT,199,239,2,2
2018-04-27 07:35:06,1.0,300,uberX,99,119,2,2
2018-04-27 07:35:06,1.0,540,uberKIDS,199,199,2,2
2018-04-27 07:35:06,1.0,300,UberBlack,299,359,2,2
2018-04-27 07:35:06,1.0,360,uberSELECT,199,239,2,2
2018-04-27 07:35:21,1.0,300,uberX,99,119,2,2
2018-04-27 07:35:21,1.0,540,uberKIDS,199,199,2,2
2018-04-27 07:35:21,1.0,300,UberBlack,299,359,2,2
2018-04-27 07:35:21,1.0,360,uberSELECT,199,239,2,2
2018-04-27 07:35:36,1.0,300,uberX,99,119,2,2
2018-04-27 07:35:36,1.0,540,uberKIDS,199,199,2,2
2018-04-27 07:35:36,1.0,300,UberBlack,299,359,2,2
2018-04-27 07:35:36,1.0,360,uberSELECT,199,239,2,2
2018-04-27 07:35:51,1.0,300,uberX,99,119,2,2
2018-04-27 07:35:51,1.0,540,uberKIDS,199,199,2,2
2018-04-27 07:35:51,1.0,300,UberBlack,299,359,2,2
2018-04-27 07:35:51,1.0,360,uberSELECT,199,239,2,2
2018-04-27 08:00:06,1.0,300,uberX,99,119,2,2
2018-04-27 08:00:06,1.0,840,uberKIDS,199,199,2,2
2018-04-27 08:00:06,1.0,180,UberBlack,299,359,2,2
2018-04-27 08:00:06,1.0,540,uberSELECT,199,239,2,2
2018-04-27 08:00:21,1.0,240,uberX,99,119,2,2
2018-04-27 08:00:21,1.0,840,uberKIDS,199,199,2,2
2018-04-27 08:00:21,1.0,180,UberBlack,299,359,2,2
2018-04-27 08:00:21,1.0,540,uberSELECT,199,239,2,2
2018-04-27 08:00:36,1.0,240,uberX,99,119,2,2
2018-04-27 08:00:36,1.0,840,uberKIDS,199,199,2,2
2018-04-27 08:00:36,1.0,180,UberBlack,299,359,2,2
2018-04-27 08:00:36,1.0,360,uberSELECT,199,239,2,2
2018-04-27 08:00:51,1.0,180,uberX,99,119,2,2
2018-04-27 08:00:51,1.0,1140,uberKIDS,199,199,2,2
2018-04-27 08:00:51,1.0,180,UberBlack,299,359,2,2
2018-04-27 08:00:51,1.0,360,uberSELECT,199,239,2,2
2018-04-27 08:01:06,1.0,180,uberX,99,119,2,2
2018-04-27 08:01:06,1.0,840,uberKIDS,199,199,2,2
2018-04-27 08:01:06,1.0,180,UberBlack,299,359,2,2
2018-04-27 08:01:06,1.0,360,uberSELECT,199,239,2,2
2018-04-27 08:01:21,1.0,180,uberX,99,119,2,2
2018-04-27 08:01:21,1.0,600,uberKIDS,199,199,2,2
2018-04-27 08:01:21,1.0,180,UberBlack,299,359,2,2
2018-04-27 08:01:21,1.0,360,uberSELECT,199,239,2,2
2018-04-27 08:01:36,1.0,120,uberX,99,119,2,2
2018-04-27 08:01:36,1.0,600,uberKIDS,199,199,2,2
2018-04-27 08:01:36,1.0,180,UberBlack,299,359,2,2
2018-04-27 08:01:36,1.0,360,uberSELECT,199,239,2,2
2018-04-27 08:01:51,1.0,180,uberX,99,119,2,2
2018-04-27 08:01:51,1.0,600,uberKIDS,199,199,2,2
2018-04-27 08:01:51,1.0,180,UberBlack,299,359,2,2
2018-04-27 08:01:51,1.0,360,uberSELECT,199,239,2,2
2018-04-27 08:02:06,1.0,180,uberX,99,119,2,2
2018-04-27 08:02:06,1.0,900,uberKIDS,199,199,2,2
2018-04-27 08:02:06,1.0,180,UberBlack,299,359,2,2
2018-04-27 08:02:06,1.0,360,uberSELECT,199,239,2,2
2018-04-27 08:02:21,1.0,180,uberX,99,119,2,2
2018-04-27 08:02:21,1.0,720,uberKIDS,199,199,2,2
2018-04-27 08:02:21,1.0,180,UberBlack,299,359,2,2
2018-04-27 08:02:21,1.0,360,uberSELECT,199,239,2,2
2018-04-27 08:02:36,1.0,180,uberX,99,119,2,2
2018-04-27 08:02:36,1.0,720,uberKIDS,199,199,2,2
2018-04-27 08:02:36,1.0,180,UberBlack,299,359,2,2
2018-04-27 08:02:36,1.0,480,uberSELECT,199,239,2,2
2018-04-27 08:02:51,1.0,120,uberX,99,119,2,2
2018-04-27 08:02:51,1.0,720,uberKIDS,199,199,2,2
2018-04-27 08:02:51,1.0,180,UberBlack,299,359,2,2
2018-04-27 08:02:51,1.0,480,uberSELECT,199,239,2,2
2018-04-27 08:03:06,1.0,120,uberX,99,119,2,2
2018-04-27 08:03:06,1.0,1440,uberKIDS,199,199,2,2
2018-04-27 08:03:06,1.0,180,UberBlack,299,359,2,2
2018-04-27 08:03:06,1.0,480,uberSELECT,199,239,2,2
2018-04-27 08:03:21,1.0,120,uberX,99,119,2,2
2018-04-27 08:03:21,1.0,1440,uberKIDS,199,199,2,2
2018-04-27 08:03:21,1.0,180,UberBlack,299,359,2,2
2018-04-27 08:03:21,1.0,480,uberSELECT,199,239,2,2
2018-04-27 08:03:36,1.0,120,uberX,99,119,2,2
2018-04-27 08:03:36,1.0,1440,uberKIDS,199,199,2,2
2018-04-27 08:03:36,1.0,120,UberBlack,299,359,2,2
2018-04-27 08:03:36,1.0,480,uberSELECT,199,239,2,2
2018-04-27 08:03:51,1.0,300,uberX,99,119,2,2
2018-04-27 08:03:51,1.0,1440,uberKIDS,199,199,2,2
2018-04-27 08:03:51,1.0,120,UberBlack,299,359,2,2
2018-04-27 08:03:51,1.0,480,uberSELECT,199,239,2,2
2018-04-27 08:04:06,1.0,240,uberX,99,119,2,2
2018-04-27 08:04:06,1.0,1440,uberKIDS,199,199,2,2
2018-04-27 08:04:06,1.0,120,UberBlack,299,359,2,2
2018-04-27 08:04:06,1.0,420,uberSELECT,199,239,2,2
2018-04-27 08:04:21,1.0,240,uberX,99,119,2,2
2018-04-27 08:04:21,1.0,1320,uberKIDS,199,199,2,2
2018-04-27 08:04:21,1.0,120,UberBlack,299,359,2,2
2018-04-27 08:04:21,1.0,420,uberSELECT,199,239,2,2
2018-04-27 08:04:36,1.0,240,uberX,99,119,2,2
2018-04-27 08:04:36,1.0,720,uberKIDS,199,199,2,2
2018-04-27 08:04:36,1.0,120,UberBlack,299,359,2,2
2018-04-27 08:04:36,1.0,540,uberSELECT,199,239,2,2
2018-04-27 08:04:51,1.0,240,uberX,99,119,2,2
2018-04-27 08:04:51,1.0,660,uberKIDS,199,199,2,2
2018-04-27 08:04:51,1.0,120,UberBlack,299,359,2,2
2018-04-27 08:04:51,1.0,540,uberSELECT,199,239,2,2
2018-04-27 08:05:06,1.0,240,uberX,99,119,2,2
2018-04-27 08:05:06,1.0,660,uberKIDS,199,199,2,2
2018-04-27 08:05:06,1.0,120,UberBlack,299,359,2,2
2018-04-27 08:05:06,1.0,540,uberSELECT,199,239,2,2
2018-04-27 08:05:21,1.0,300,uberX,99,119,2,2
2018-04-27 08:05:21,1.0,660,uberKIDS,199,199,2,2
2018-04-27 08:05:21,1.0,300,UberBlack,299,359,2,2
2018-04-27 08:05:21,1.0,540,uberSELECT,199,239,2,2
2018-04-27 08:05:36,1.0,240,uberX,99,119,2,2
2018-04-27 08:05:36,1.0,660,uberKIDS,199,199,2,2
2018-04-27 08:05:36,1.0,300,UberBlack,299,359,2,2
2018-04-27 08:05:36,1.0,540,uberSELECT,199,239,2,2
2018-04-27 08:05:51,1.0,240,uberX,99,119,2,2
2018-04-27 08:05:51,1.0,600,uberKIDS,199,199,2,2
2018-04-27 08:05:51,1.0,240,UberBlack,299,359,2,2
2018-04-27 08:05:51,1.0,540,uberSELECT,199,239,2,2
2018-04-27 08:06:06,1.0,240,uberX,99,119,2,2
2018-04-27 08:06:06,1.0,600,uberKIDS,199,199,2,2
2018-04-27 08:06:06,1.0,300,UberBlack,299,359,2,2
2018-04-27 08:06:06,1.0,360,uberSELECT,199,239,2,2
2018-04-27 08:06:21,1.0,240,uberX,99,119,2,2
2018-04-27 08:06:21,1.0,600,uberKIDS,199,199,2,2
2018-04-27 08:06:21,1.0,300,UberBlack,299,359,2,2
2018-04-27 08:06:21,1.0,240,uberSELECT,199,239,2,2
2018-04-27 08:06:36,1.0,240,uberX,99,119,2,2
2018-04-27 08:06:36,1.0,660,uberKIDS,199,199,2,2
2018-04-27 08:06:36,1.0,300,UberBlack,299,359,2,2
2018-04-27 08:06:36,1.0,300,uberSELECT,199,239,2,2
2018-04-27 08:06:51,1.0,240,uberX,99,119,2,2
2018-04-27 08:06:51,1.0,1080,uberKIDS,199,199,2,2
2018-04-27 08:06:51,1.0,300,UberBlack,299,359,2,2
2018-04-27 08:06:51,1.0,300,uberSELECT,199,239,2,2
2018-04-27 08:07:06,1.0,300,uberX,99,119,2,2
2018-04-27 08:07:06,1.0,720,uberKIDS,199,199,2,2
2018-04-27 08:07:06,1.0,240,UberBlack,299,359,2,2
2018-04-27 08:07:06,1.0,300,uberSELECT,199,239,2,2
2018-04-27 08:07:21,1.0,240,uberX,99,119,2,2
2018-04-27 08:07:21,1.0,1260,uberKIDS,199,199,2,2
2018-04-27 08:07:21,1.0,240,UberBlack,299,359,2,2
2018-04-27 08:07:21,1.0,240,uberSELECT,199,239,2,2
2018-04-27 08:07:36,1.0,480,uberX,99,119,2,2
2018-04-27 08:07:36,1.0,1020,uberKIDS,199,199,2,2
2018-04-27 08:07:36,1.0,240,UberBlack,299,359,2,2
2018-04-27 08:07:36,1.0,300,uberSELECT,199,239,2,2
2018-04-27 08:07:51,1.0,360,uberX,99,119,2,2
2018-04-27 08:07:51,1.0,1020,uberKIDS,199,199,2,2
2018-04-27 08:07:51,1.0,300,UberBlack,299,359,2,2
2018-04-27 08:07:51,1.0,240,uberSELECT,199,239,2,2
2018-04-27 08:08:06,1.0,420,uberX,99,119,2,2
2018-04-27 08:08:06,1.0,780,uberKIDS,199,199,2,2
2018-04-27 08:08:06,1.0,240,UberBlack,299,359,2,2
2018-04-27 08:08:06,1.0,240,uberSELECT,199,239,2,2
2018-04-27 08:08:21,1.0,360,uberX,99,119,2,2
2018-04-27 08:08:21,1.0,780,uberKIDS,199,199,2,2
2018-04-27 08:08:21,1.0,240,UberBlack,299,359,2,2
2018-04-27 08:08:21,1.0,240,uberSELECT,199,239,2,2
2018-04-27 08:08:36,1.0,420,uberX,99,119,2,2
2018-04-27 08:08:36,1.0,780,uberKIDS,199,199,2,2
2018-04-27 08:08:36,1.0,240,UberBlack,299,359,2,2
2018-04-27 08:08:36,1.0,180,uberSELECT,199,239,2,2
2018-04-27 08:08:51,1.0,360,uberX,99,119,2,2
2018-04-27 08:08:51,1.0,780,uberKIDS,199,199,2,2
2018-04-27 08:08:51,1.0,240,UberBlack,299,359,2,2
2018-04-27 08:08:51,1.0,180,uberSELECT,199,239,2,2
2018-04-27 08:09:06,1.0,420,uberX,99,119,2,2
2018-04-27 08:09:06,1.0,780,uberKIDS,199,199,2,2
2018-04-27 08:09:06,1.0,300,UberBlack,299,359,2,2
2018-04-27 08:09:06,1.0,180,uberSELECT,199,239,2,2
2018-04-27 08:09:21,1.0,360,uberX,99,119,2,2
2018-04-27 08:09:21,1.0,840,uberKIDS,199,199,2,2
2018-04-27 08:09:21,1.0,300,UberBlack,299,359,2,2
2018-04-27 08:09:21,1.0,180,uberSELECT,199,239,2,2
2018-04-27 08:09:36,1.0,420,uberX,99,119,2,2
2018-04-27 08:09:36,1.0,1020,uberKIDS,199,199,2,2
2018-04-27 08:09:36,1.0,360,UberBlack,299,3